CLUB_NBR,CLUB_NAME,MARKET_AREA_NBR,MARKET_AREA_NAME,REGION_NBR,REGION_NAME
6779,MOORE OK,97,OK / N. TX,4,SOUTH CENTRAL
8201,"BRADENTON, FL",96,TAMPA,7,SOUTHEAST
6571,"FLORENCE, SC",11,NORTH CAROLINA/SOUTH CAROLINA,7,SOUTHEAST
4724,"HOOVER, AL",2,AL / GA,7,SOUTHEAST
8211,"DOUGLASVILLE,GA",93,ATLANTA,7,SOUTHEAST
6676,"WILLOW GROVE(HATBORO), PA",64,NEW JERSEY/EAST PENNSYLVANIA,1,NORTHEAST
6421,"CONROE, TX",61,N. HOUSTON / AUSTIN,4,SOUTH CENTRAL
4802,"HIRAM, GA",93,ATLANTA,7,SOUTHEAST
4973,"DUBUQUE, IA",34,CENTRAL IL / E. IA,11,NORTH CENTRAL
6455,"OXNARD, CA",55,LOS ANGELES/HAWAII,9,WESTERN
6342,"TULSA (E), OK",6,OK / W. AR,4,SOUTH CENTRAL
6609,"PALM DESERT, CA",54,LOS ANGELES / SAN DIEGO,9,WESTERN
8243,RAYMORE MO,21,KANSAS CITY,11,NORTH CENTRAL
8142,"SPARTANBURG, SC",22,SOUTH CAROLINA / GA,7,SOUTHEAST
8288,"MIDLAND, TX",47,W. TEXAS / NEW MEXICO,9,WESTERN
8104,"LITTLE ROCK, AR",6,OK / W. AR,4,SOUTH CENTRAL
8164,"WAUKESHA, WI",32,WISCONSIN,11,NORTH CENTRAL
6673,"CHEEKTOWAGA, NY",20,UPSTATE NEW YORK,1,NORTHEAST
6452,"ASHEVILLE, NC",50,NORTH CAROLINA,7,SOUTHEAST
8275,"BEAUMONT, TX",52,S. HOUSTON,4,SOUTH CENTRAL
6319,"KENTWOOD, MI",45,MICHIGAN,11,NORTH CENTRAL
6240,"GLENDORA, CA",55,LOS ANGELES/HAWAII,9,WESTERN
6204,"VALDOSTA, GA",16,N. FL / S. GA,7,SOUTHEAST
4772,"SARASOTA, FL",96,TAMPA,7,SOUTHEAST
6331,"KENOSHA, WI",32,WISCONSIN,11,NORTH CENTRAL
6354,"MIDLOTHIAN, VA",33,VIRGINIA,1,NORTHEAST
8175,"HARRISBURG, PA",64,NEW JERSEY/EAST PENNSYLVANIA,1,NORTHEAST
8117,"OK CITY (N), OK",97,OK / N. TX,4,SOUTH CENTRAL
6256,"MEMPHIS (S), TN",90,MEMPHIS/AL,4,SOUTH CENTRAL
6403,"BRANDON, FL",96,TAMPA,7,SOUTHEAST
6202,"LUFKIN, TX",91,N. LA / TX,4,SOUTH CENTRAL
4996,"DANVILLE (C), VA",33,VIRGINIA,1,NORTHEAST
6212,"ORLANDO, FL",7,ORLANDO,7,SOUTHEAST
4851,"CLARKSVILLE, IN",49,CINCINNATI/KENTUCKY,1,NORTHEAST
8256,"KNOXVILLE, TN",28,TENNESSEE,7,SOUTHEAST
6653,"GAITHERSBURG, MD",85,MARYLAND,1,NORTHEAST
4878,GLEN CARBON IL,3,ST. LOUIS,11,NORTH CENTRAL
4837,"DENHAM SPRINGS, LA",91,N. LA / TX,4,SOUTH CENTRAL
6608,"PHOENIX, AZ",37,AZ,9,WESTERN
8244,"HOUSTON (S), TX",52,S. HOUSTON,4,SOUTH CENTRAL
6439,"ODESSA,TX",47,W. TEXAS / NEW MEXICO,9,WESTERN
6311,"SHAKOPEE, MN",23,MINNESOTA,9,WESTERN
6260,"BARTLETT, TN",90,MEMPHIS/AL,4,SOUTH CENTRAL
4732,"GLENDALE, AZ",37,AZ,9,WESTERN
6384,"HODGKINS, IL",17,CHICAGO,11,NORTH CENTRAL
6351,"NEWPORT NEWS, VA",33,VIRGINIA,1,NORTHEAST
8253,"JACKSONVILLE(N), FL",16,N. FL / S. GA,7,SOUTHEAST
8190,"TEXAS CITY, TX",52,S. HOUSTON,4,SOUTH CENTRAL
6246,EL PASO TX,47,W. TEXAS / NEW MEXICO,9,WESTERN
8173,"MIRAMAR, FL",19,S. FLORIDA,7,SOUTHEAST
8297,"ROCKFORD, IL",32,WISCONSIN,11,NORTH CENTRAL
6181,PAPILLION NE,39,NE / IA,11,NORTH CENTRAL
6238,OWASSO OK,6,OK / W. AR,4,SOUTH CENTRAL
8133,"FLORENCE, KY",49,CINCINNATI/KENTUCKY,1,NORTHEAST
6693,"LANGHORNE, PA",64,NEW JERSEY/EAST PENNSYLVANIA,1,NORTHEAST
4825,"HOT SPRINGS, AR",6,OK / W. AR,4,SOUTH CENTRAL
6867,HOUSTON CINCO TX,52,S. HOUSTON,4,SOUTH CENTRAL
8286,"WACO, TX",27,DALLAS,4,SOUTH CENTRAL
6189,APOPKA FL,7,ORLANDO,7,SOUTHEAST
6219,"COLORADO SPRINGS, CO",56,CO,9,WESTERN
6372,"DALLAS, TX",27,DALLAS,4,SOUTH CENTRAL
6781,KELLER TX,30,FT. WORTH,4,SOUTH CENTRAL
6570,"RALEIGH, NC",11,NORTH CAROLINA/SOUTH CAROLINA,7,SOUTHEAST
4795,"GRAPEVINE, TX",30,FT. WORTH,4,SOUTH CENTRAL
8146,"OMAHA, NE",39,NE / IA,11,NORTH CENTRAL
6352,"HUDSON, NH",20,UPSTATE NEW YORK,1,NORTHEAST
6310,"FRIDLEY, MN",23,MINNESOTA,9,WESTERN
6539,"WATERTOWN, NY",20,UPSTATE NEW YORK,1,NORTHEAST
4749,CONWAY AR,6,OK / W. AR,4,SOUTH CENTRAL
8191,"WILKES-BARRE,PA",15,NJ / PA / NY,1,NORTHEAST
8119,"PENSACOLA, FL",1,NEW ORLEANS / GULF COAST,4,SOUTH CENTRAL
6441,"LAKELAND (N),FL",96,TAMPA,7,SOUTHEAST
6422,"LONGVIEW, TX",91,N. LA / TX,4,SOUTH CENTRAL
8165,"SIOUX FALLS, SD",94,BIG SKY / CO,9,WESTERN
8192,"DOTHAN, AL",16,N. FL / S. GA,7,SOUTHEAST
6309,"WHITE BEAR LAKE, MN",23,MINNESOTA,9,WESTERN
4799,"CITRUS HEIGHTS, CA",41,NEVADA / N CALIFORNIA,9,WESTERN
6385,"GRAND FORKS, ND",94,BIG SKY / CO,9,WESTERN
4850,EDINBURG TX,8,SAN ANTONIO/BORDER,4,SOUTH CENTRAL
6540,"CHARLOTTE, NC",50,NORTH CAROLINA,7,SOUTHEAST
6674,"ELMSFORD, NY",15,NJ / PA / NY,1,NORTHEAST
4728,NICHOLASVILLE KY,49,CINCINNATI/KENTUCKY,1,NORTHEAST
6463,"ANDERSON, SC",22,SOUTH CAROLINA / GA,7,SOUTHEAST
6315,"MISHAWAKA, IN",38,INDIANA,11,NORTH CENTRAL
6356,"FISHKILL, NY",15,NJ / PA / NY,1,NORTHEAST
6547,"MUNCY, PA",24,PITTSBURGH / W. PA,1,NORTHEAST
8158,WOODSTOCK GA,93,ATLANTA,7,SOUTHEAST
8145,"CINNAMINSON, NJ",64,NEW JERSEY/EAST PENNSYLVANIA,1,NORTHEAST
6521,"HOUMA, LA",1,NEW ORLEANS / GULF COAST,4,SOUTH CENTRAL
6418,"WICHITA, KS",21,KANSAS CITY,11,NORTH CENTRAL
4836,"OXFORD, AL",2,AL / GA,7,SOUTHEAST
4847,GREENSBURG PA,24,PITTSBURGH / W. PA,1,NORTHEAST
4743,"PLANO (E), TX",27,DALLAS,4,SOUTH CENTRAL
6431,"SAM'S ELMIRA, NY",20,UPSTATE NEW YORK,1,NORTHEAST
6359,"COMSTOCK PARK, MI",45,MICHIGAN,11,NORTH CENTRAL
4709,"CORONA, CA",54,LOS ANGELES / SAN DIEGO,9,WESTERN
8149,"GREEN BAY, WI",32,WISCONSIN,11,NORTH CENTRAL
6358,"NORTHLAKE, IL",17,CHICAGO,11,NORTH CENTRAL
4839,TULSA HILLS OK,6,OK / W. AR,4,SOUTH CENTRAL
6651,"CATONSVILLE, MD",85,MARYLAND,1,NORTHEAST
6242,"DUBLIN, OH",81,WEST VIRGINIA/OHIO,1,NORTHEAST
8279,"AMARILLO, TX",47,W. TEXAS / NEW MEXICO,9,WESTERN
6247,KANSAS CITY LIBERTY MO,21,KANSAS CITY,11,NORTH CENTRAL
8292,"MEMPHIS (E), TN",90,MEMPHIS/AL,4,SOUTH CENTRAL
6456,"PLATTSBURGH, NY",20,UPSTATE NEW YORK,1,NORTHEAST
8266,"SHERWOOD, AR",6,OK / W. AR,4,SOUTH CENTRAL
4787,"MINNEAPOLIS, MN",23,MINNESOTA,9,WESTERN
8225,"MACON, GA",2,AL / GA,7,SOUTHEAST
6679,"WEST MIFFLIN,PA",24,PITTSBURGH / W. PA,1,NORTHEAST
6205,"YUMA, AZ",37,AZ,9,WESTERN
7189,OKLAHOMA CITY PENN SQ OK,97,OK / N. TX,4,SOUTH CENTRAL
8237,"MONROE, LA",91,N. LA / TX,4,SOUTH CENTRAL
4771,SEVERN MD,85,MARYLAND,1,NORTHEAST
4969,"BENTONVILLE, AR",6,OK / W. AR,4,SOUTH CENTRAL
6567,"EASTON, PA",15,NJ / PA / NY,1,NORTHEAST
6433,"VACAVILLE, CA",41,NEVADA / N CALIFORNIA,9,WESTERN
8268,"N. RICHLAND HILLS, TX",30,FT. WORTH,4,SOUTH CENTRAL
6614,"EL MONTE, CA",55,LOS ANGELES/HAWAII,9,WESTERN
4801,"RIVERVIEW, FL",96,TAMPA,7,SOUTHEAST
6457,"CHARLESTON, WV",81,WEST VIRGINIA/OHIO,1,NORTHEAST
6375,"LIMA, OH",31,CLEVELAND,1,NORTHEAST
4782,"KISSIMMEE, FL",7,ORLANDO,7,SOUTHEAST
4763,"SUGAR LAND, TX",52,S. HOUSTON,4,SOUTH CENTRAL
4735,"LA HABRA, CA",54,LOS ANGELES / SAN DIEGO,9,WESTERN
8213,"COLUMBUS, GA",2,AL / GA,7,SOUTHEAST
6658,"JACKSON, MI",45,MICHIGAN,11,NORTH CENTRAL
6326,"REYNOLDSBURG, OH",81,WEST VIRGINIA/OHIO,1,NORTHEAST
8247,"HOMEWOOD, AL",2,AL / GA,7,SOUTHEAST
8102,"MOBILE, AL",1,NEW ORLEANS / GULF COAST,4,SOUTH CENTRAL
8298,"JOLIET, IL",17,CHICAGO,11,NORTH CENTRAL
6677,"MONROEVILLE, PA",24,PITTSBURGH / W. PA,1,NORTHEAST
6524,"COLONIAL HEIGHTS, VA",33,VIRGINIA,1,NORTHEAST
4713,"SHENANDOAH, TX",61,N. HOUSTON / AUSTIN,4,SOUTH CENTRAL
6667,"YPSILANTI, MI",62,DETROIT,11,NORTH CENTRAL
6379,"GREAT FALLS, MT",98,UT / MT / ID,9,WESTERN
8139,"TOLEDO, OH",31,CLEVELAND,1,NORTHEAST
6659,"MADISON HEIGHTS, MI",62,DETROIT,11,NORTH CENTRAL
8150,"PORT ST LUCIE, FL",19,S. FLORIDA,7,SOUTHEAST
8141,"MELBOURNE, FL",7,ORLANDO,7,SOUTHEAST
4983,"LAS VEGAS (RAINBOW), NV",41,NEVADA / N CALIFORNIA,9,WESTERN
6675,"ERIE, PA",24,PITTSBURGH / W. PA,1,NORTHEAST
8274,"HOUSTON (NW),TX",52,S. HOUSTON,4,SOUTH CENTRAL
6662,"ROSEVILLE, MI",62,DETROIT,11,NORTH CENTRAL
8289,"OK CITY (W), OK",97,OK / N. TX,4,SOUTH CENTRAL
6349,"EVERGREEN PARK, IL",17,CHICAGO,11,NORTH CENTRAL
4857,CAPE CORAL (PINE) FL,19,S. FLORIDA,7,SOUTHEAST
8257,"SAM'S HENDERSONVILLE, TN",28,TENNESSEE,7,SOUTHEAST
6686,"SALT LAKE CITY, UT",98,UT / MT / ID,9,WESTERN
4739,"SNELLVILLE, GA",93,ATLANTA,7,SOUTHEAST
6520,"VERO BEACH, FL",19,S. FLORIDA,7,SOUTHEAST
4991,"COCOA, FL",7,ORLANDO,7,SOUTHEAST
4789,"SHARPSBURG, GA",2,AL / GA,7,SOUTHEAST
6409,"TUCKER, GA",93,ATLANTA,7,SOUTHEAST
4712,"HOUSTON(MEM), TX",52,S. HOUSTON,4,SOUTH CENTRAL
8152,"SOUTH POINT, OH",81,WEST VIRGINIA/OHIO,1,NORTHEAST
6228,"VERNON HILLS, IL",17,CHICAGO,11,NORTH CENTRAL
8265,"LAKE CHARLES,LA",91,N. LA / TX,4,SOUTH CENTRAL
6644,"OAKWOOD, GA",93,ATLANTA,7,SOUTHEAST
6619,"ONTARIO, CA",54,LOS ANGELES / SAN DIEGO,9,WESTERN
8224,"WICHITA FALLS, TX",97,OK / N. TX,4,SOUTH CENTRAL
4702,"FRIENDSWOOD, TX",52,S. HOUSTON,4,SOUTH CENTRAL
8242,"DALLAS (E), TX",27,DALLAS,4,SOUTH CENTRAL
8283,"COLUMBIA, SC",22,SOUTH CAROLINA / GA,7,SOUTHEAST
6415,"JOPLIN, MO",21,KANSAS CITY,11,NORTH CENTRAL
4790,"PEARL, MS",1,NEW ORLEANS / GULF COAST,4,SOUTH CENTRAL
4711,"VIRGINIA BEACH, VA",33,VIRGINIA,1,NORTHEAST
8205,"SAINT LOUIS, MO",3,ST. LOUIS,11,NORTH CENTRAL
8185,"EAU CLAIRE, WI",32,WISCONSIN,11,NORTH CENTRAL
8160,"TEMPLE, PA",15,NJ / PA / NY,1,NORTHEAST
6245,HARKER HEIGHTS TX,27,DALLAS,4,SOUTH CENTRAL
4791,"GARDEN CITY, KS",21,KANSAS CITY,11,NORTH CENTRAL
6335,"OCALA, FL",7,ORLANDO,7,SOUTHEAST
6328,"CICERO, IL",17,CHICAGO,11,NORTH CENTRAL
4989,"AUBURN, AL",2,AL / GA,7,SOUTHEAST
4914,SAN ANTONIO N TX,8,SAN ANTONIO/BORDER,4,SOUTH CENTRAL
4952,"TARENTUM, PA",24,PITTSBURGH / W. PA,1,NORTHEAST
6369,"EDISON, NJ",15,NJ / PA / NY,1,NORTHEAST
8123,"EVANSVILLE, IN",38,INDIANA,11,NORTH CENTRAL
4785,"SANFORD, FL",7,ORLANDO,7,SOUTHEAST
6413,"LINCOLN (N), NE",39,NE / IA,11,NORTH CENTRAL
6660,"PORT HURON, MI",62,DETROIT,11,NORTH CENTRAL
8136,"DAYTON, OH",81,WEST VIRGINIA/OHIO,1,NORTHEAST
8281,"HOUSTON (E), TX",61,N. HOUSTON / AUSTIN,4,SOUTH CENTRAL
4982,"MOUNT PLEASANT, MI",45,MICHIGAN,11,NORTH CENTRAL
6428,"MEDFORD, NY",15,NJ / PA / NY,1,NORTHEAST
6217,"MIAMI, FL",19,S. FLORIDA,7,SOUTHEAST
4781,"LANSING (E),MI",45,MICHIGAN,11,NORTH CENTRAL
8276,"LOUISVILLE, KY",49,CINCINNATI/KENTUCKY,1,NORTHEAST
4822,"MURRIETA, CA",54,LOS ANGELES / SAN DIEGO,9,WESTERN
8196,"FLORENCE, AL",90,MEMPHIS/AL,4,SOUTH CENTRAL
8125,"SAINT LOUIS, MO",3,ST. LOUIS,11,NORTH CENTRAL
4783,"GARLAND, TX",30,FT. WORTH,4,SOUTH CENTRAL
6302,"OAKWOOD VILLAGE, OH",31,CLEVELAND,1,NORTHEAST
6533,"STATE COLLEGE, PA",24,PITTSBURGH / W. PA,1,NORTHEAST
4911,MANSFIELD TX,30,FT. WORTH,4,SOUTH CENTRAL
4720,"AUSTIN, TX",61,N. HOUSTON / AUSTIN,4,SOUTH CENTRAL
8223,"RALEIGH, NC",11,NORTH CAROLINA/SOUTH CAROLINA,7,SOUTHEAST
6239,"TIMONIOUM, MD",85,MARYLAND,1,NORTHEAST
4794,LAKELAND(S) FL,96,TAMPA,7,SOUTHEAST
8128,"PEORIA, IL",34,CENTRAL IL / E. IA,11,NORTH CENTRAL
4721,"HOUSTON (W'BROOK), TX",61,N. HOUSTON / AUSTIN,4,SOUTH CENTRAL
6213,"CHANDLER, AZ",37,AZ,9,WESTERN
6506,"ALBANY, GA",16,N. FL / S. GA,7,SOUTHEAST
6425,"CASPER, WY",94,BIG SKY / CO,9,WESTERN
4933,"BISMARCK, ND",94,BIG SKY / CO,9,WESTERN
6387,PINELLAS PARK FL,96,TAMPA,7,SOUTHEAST
6437,"BLOOMINGTON, IN",38,INDIANA,11,NORTH CENTRAL
6489,"CALUMET CITY, IL",17,CHICAGO,11,NORTH CENTRAL
6305,"BROOKLYN, OH",31,CLEVELAND,1,NORTHEAST
6631,"AURORA, CO",56,CO,9,WESTERN
8228,"WINSTON-SALEM, NC",50,NORTH CAROLINA,7,SOUTHEAST
4876,"BOWLING GREEN, KY",49,CINCINNATI/KENTUCKY,1,NORTHEAST
8282,"DALLAS (S), TX",30,FT. WORTH,4,SOUTH CENTRAL
4852,"WESLEY CHAPEL, FL",96,TAMPA,7,SOUTHEAST
6312,"WOODBURY, MN",23,MINNESOTA,9,WESTERN
6366,"VESTAL, NY",20,UPSTATE NEW YORK,1,NORTHEAST
8188,"LEXINGTON, KY",49,CINCINNATI/KENTUCKY,1,NORTHEAST
6582,BLUFFTON SC,22,SOUTH CAROLINA / GA,7,SOUTHEAST
4741,"SAINT LOUIS, MO",3,ST. LOUIS,11,NORTH CENTRAL
6401,"TAMPA, FL",96,TAMPA,7,SOUTHEAST
6412,"SOUTHGATE, MI",62,DETROIT,11,NORTH CENTRAL
4775,"METAIRIE, LA",1,NEW ORLEANS / GULF COAST,4,SOUTH CENTRAL
6458,"LYNCHBURG, VA",33,VIRGINIA,1,NORTHEAST
6503,"HATTIESBURG, MS",1,NEW ORLEANS / GULF COAST,4,SOUTH CENTRAL
8203,MARIETTA GA,93,ATLANTA,7,SOUTHEAST
4828,ORLANDO LAKE NONA FL,7,ORLANDO,7,SOUTHEAST
6536,"WHITEHALL, PA",15,NJ / PA / NY,1,NORTHEAST
8209,"FAYETTEVILLE, AR",6,OK / W. AR,4,SOUTH CENTRAL
8296,"SPRINGFIELD, MO",21,KANSAS CITY,11,NORTH CENTRAL
6626,"SOUTHGATE, CA",55,LOS ANGELES/HAWAII,9,WESTERN
4730,"WEST JORDAN, UT",98,UT / MT / ID,9,WESTERN
4962,"SANDUSKY, OH",31,CLEVELAND,1,NORTHEAST
4729,"STERLING, VA",85,MARYLAND,1,NORTHEAST
8220,"ROANOKE, VA",33,VIRGINIA,1,NORTHEAST
8180,"MARION, IL",3,ST. LOUIS,11,NORTH CENTRAL
4736,"APPLE VALLEY, MN",23,MINNESOTA,9,WESTERN
6423,"MIDDLETOWN, NY",15,NJ / PA / NY,1,NORTHEAST
4797,KANNAPOLIS NC,50,NORTH CAROLINA,7,SOUTHEAST
4777,"DENVER, CO",56,CO,9,WESTERN
4745,"THORNTON, CO",56,CO,9,WESTERN
6334,"DECATUR, IL",34,CENTRAL IL / E. IA,11,NORTH CENTRAL
8114,"LAFAYETTE, LA",91,N. LA / TX,4,SOUTH CENTRAL
6678,"PITTSBURGH, PA",24,PITTSBURGH / W. PA,1,NORTHEAST
8181,"ALEXANDRIA, LA",91,N. LA / TX,4,SOUTH CENTRAL
4718,"SOUTH JORDAN, UT",98,UT / MT / ID,9,WESTERN
8207,"KANSAS CITY, MO",21,KANSAS CITY,11,NORTH CENTRAL
6216,"WINTERVILLE, NC",11,NORTH CAROLINA/SOUTH CAROLINA,7,SOUTHEAST
6406,"NIAGARA FALLS, NY",20,UPSTATE NEW YORK,1,NORTHEAST
6344,"WINDSOR HEIGHTS, IA",39,NE / IA,11,NORTH CENTRAL
4855,"HANOVER, PA",64,NEW JERSEY/EAST PENNSYLVANIA,1,NORTHEAST
6565,"RAPID CITY, SD",94,BIG SKY / CO,9,WESTERN
4846,"MENTOR, OH",31,CLEVELAND,1,NORTHEAST
4939,"SAN ANTONIO (BROOKS), TX",8,SAN ANTONIO/BORDER,4,SOUTH CENTRAL
6624,"SAN BERNARDINO, CA",54,LOS ANGELES / SAN DIEGO,9,WESTERN
6357,"ANNAPOLIS, MD",85,MARYLAND,1,NORTHEAST
6979,DES MOINES ANKENY IA,39,NE / IA,11,NORTH CENTRAL
6408,"SANTA FE, NM",47,W. TEXAS / NEW MEXICO,9,WESTERN
6664,"UTICA, MI",62,DETROIT,11,NORTH CENTRAL
6485,"TINLEY PARK, IL",17,CHICAGO,11,NORTH CENTRAL
4860,"BECKLEY, WV",81,WEST VIRGINIA/OHIO,1,NORTHEAST
4767,"PALMDALE, CA",55,LOS ANGELES/HAWAII,9,WESTERN
4722,"WILLIAMSTOWN, NJ",64,NEW JERSEY/EAST PENNSYLVANIA,1,NORTHEAST
6333,"BANGOR, ME",20,UPSTATE NEW YORK,1,NORTHEAST
4879,AIKEN SC,22,SOUTH CAROLINA / GA,7,SOUTHEAST
8183,"SAINT CLOUD, MN",23,MINNESOTA,9,WESTERN
6632,"DENVER, CO",56,CO,9,WESTERN
6348,"PINEVILLE, NC",50,NORTH CAROLINA,7,SOUTHEAST
6218,"OCOEE, FL",7,ORLANDO,7,SOUTHEAST
4875,WENTZVILLE MO,3,ST. LOUIS,11,NORTH CENTRAL
6634,"LONE TREE, CO",56,CO,9,WESTERN
8222,"JOHNSON CITY, TN",28,TENNESSEE,7,SOUTHEAST
6684,"RIVERDALE, UT",98,UT / MT / ID,9,WESTERN
6628,"TORRANCE, CA",55,LOS ANGELES/HAWAII,9,WESTERN
6562,"MUSKEGON, MI",45,MICHIGAN,11,NORTH CENTRAL
6426,"SALINA, KS",21,KANSAS CITY,11,NORTH CENTRAL
6613,"LONG BEACH, CA",55,LOS ANGELES/HAWAII,9,WESTERN
8208,"LENEXA, KS",21,KANSAS CITY,11,NORTH CENTRAL
8248,"DALLAS (W), TX",27,DALLAS,4,SOUTH CENTRAL
6479,"CAPE GIRARDEAU, MO",3,ST. LOUIS,11,NORTH CENTRAL
6517,"BEAVERCREEK, OH",81,WEST VIRGINIA/OHIO,1,NORTHEAST
4818,"BROOKSVILLE, FL",96,TAMPA,7,SOUTHEAST
8262,"SAN ANTONIO (N), TX",8,SAN ANTONIO/BORDER,4,SOUTH CENTRAL
8287,"MORROW, GA",2,AL / GA,7,SOUTHEAST
6252,"CHESTERFIELD, MO",3,ST. LOUIS,11,NORTH CENTRAL
4776,"HUNTSVILLE, AL",90,MEMPHIS/AL,4,SOUTH CENTRAL
6615,"FOUNTAIN VALLEY, CA",54,LOS ANGELES / SAN DIEGO,9,WESTERN
8156,"LAREDO, TX",8,SAN ANTONIO/BORDER,4,SOUTH CENTRAL
6605,"GILBERT, AZ",37,AZ,9,WESTERN
6360,"GRAND JUNCTION, CO",56,CO,9,WESTERN
6663,"SAGINAW, MI",45,MICHIGAN,11,NORTH CENTRAL
4798,"WINSTON-SALEM, NC",50,NORTH CAROLINA,7,SOUTHEAST
4915,BULLHEAD CITY AZ,37,AZ,9,WESTERN
4873,LINCOLN NE,39,NE / IA,11,NORTH CENTRAL
6327,"WARREN,OH",31,CLEVELAND,1,NORTHEAST
6367,"HUMBLE, TX",61,N. HOUSTON / AUSTIN,4,SOUTH CENTRAL
6512,"CLARKSVILLE, TN",28,TENNESSEE,7,SOUTHEAST
6450,"CINCINNATI, OH",49,CINCINNATI/KENTUCKY,1,NORTHEAST
8215,"SPRINGFIELD, IL",34,CENTRAL IL / E. IA,11,NORTH CENTRAL
8177,"LAS VEGAS, NV",41,NEVADA / N CALIFORNIA,9,WESTERN
8252,"N CHARLESTON,SC",22,SOUTH CAROLINA / GA,7,SOUTHEAST
8144,"PLEASANTVILLE, NJ",64,NEW JERSEY/EAST PENNSYLVANIA,1,NORTHEAST
7658,BRUNSWICK GA,16,N. FL / S. GA,7,SOUTHEAST
6616,"FULLERTON, CA",54,LOS ANGELES / SAN DIEGO,9,WESTERN
8218,"FAYETTEVILLE,NC",11,NORTH CAROLINA/SOUTH CAROLINA,7,SOUTHEAST
6604,"FLAGSTAFF, AZ",37,AZ,9,WESTERN
6606,"PHOENIX, AZ",37,AZ,9,WESTERN
6646,"ALPHARETTA, GA",93,ATLANTA,7,SOUTHEAST
8293,"INDEPENDENCE, MO",21,KANSAS CITY,11,NORTH CENTRAL
6528,"CINCINNATI, OH",49,CINCINNATI/KENTUCKY,1,NORTHEAST
6692,"TUCSON, AZ",37,AZ,9,WESTERN
4999,"QUINCY, IL",34,CENTRAL IL / E. IA,11,NORTH CENTRAL
6420,"CLEARWATER, FL",96,TAMPA,7,SOUTHEAST
6462,"AUGUSTA, ME",20,UPSTATE NEW YORK,1,NORTHEAST
4938,"ALBUQUERQUE (CENTRAL), NM",47,W. TEXAS / NEW MEXICO,9,WESTERN
4816,"AURORA (SE), CO",56,CO,9,WESTERN
6376,"ADDISON, TX",27,DALLAS,4,SOUTH CENTRAL
8167,"FRANKLIN, WI",32,WISCONSIN,11,NORTH CENTRAL
8129,"WILMINGTON, NC",11,NORTH CAROLINA/SOUTH CAROLINA,7,SOUTHEAST
8111,"JEFFERSONTOWN, KY",49,CINCINNATI/KENTUCKY,1,NORTHEAST
6432,"SIOUX CITY,IA",39,NE / IA,11,NORTH CENTRAL
4703,"ALBUQUERQUE, NM",47,W. TEXAS / NEW MEXICO,9,WESTERN
4742,"FORT WORTH, TX",30,FT. WORTH,4,SOUTH CENTRAL
4948,"SAN ANGELO, TX",30,FT. WORTH,4,SOUTH CENTRAL
6314,"ELYRIA, OH",31,CLEVELAND,1,NORTHEAST
8236,"GULFPORT, MS",1,NEW ORLEANS / GULF COAST,4,SOUTH CENTRAL
4872,COLUMBIA NE SC,22,SOUTH CAROLINA / GA,7,SOUTHEAST
6434,"LAUREL, MD",85,MARYLAND,1,NORTHEAST
6652,"FREDERICK, MD",85,MARYLAND,1,NORTHEAST
6575,"PITTSBURGH, PA",24,PITTSBURGH / W. PA,1,NORTHEAST
6976,WAKE FOREST NC,11,NORTH CAROLINA/SOUTH CAROLINA,7,SOUTHEAST
6445,"PORT CHARLOTTE, FL",19,S. FLORIDA,7,SOUTHEAST
8194,"ATHENS, GA",93,ATLANTA,7,SOUTHEAST
6322,"BOARDMAN, OH",31,CLEVELAND,1,NORTHEAST
8264,"SAN ANTONIO (S), TX",8,SAN ANTONIO/BORDER,4,SOUTH CENTRAL
6661,"PORTAGE, MI",45,MICHIGAN,11,NORTH CENTRAL
8270,"LUBBOCK, TX",47,W. TEXAS / NEW MEXICO,9,WESTERN
4906,"MCKINNEY, TX",27,DALLAS,4,SOUTH CENTRAL
6355,"HICKORY, NC",50,NORTH CAROLINA,7,SOUTHEAST
4808,SPRINGDALE AR,6,OK / W. AR,4,SOUTH CENTRAL
6373,"VIENNA, WV",81,WEST VIRGINIA/OHIO,1,NORTHEAST
4992,"ELIZABETHTOWN, KY",49,CINCINNATI/KENTUCKY,1,NORTHEAST
4770,"EVANS, CO",94,BIG SKY / CO,9,WESTERN
8135,"TERRE HAUTE, IN",38,INDIANA,11,NORTH CENTRAL
8163,"COLUMBIA, MO",3,ST. LOUIS,11,NORTH CENTRAL
6464,"DES PLAINES, IL",17,CHICAGO,11,NORTH CENTRAL
6336,"TEMPLE, TX",27,DALLAS,4,SOUTH CENTRAL
6410,"PEARL CITY, HI",55,LOS ANGELES/HAWAII,9,WESTERN
8245,"HOUSTON (N), TX",61,N. HOUSTON / AUSTIN,4,SOUTH CENTRAL
8138,"DAYTONA BEACH, FL",7,ORLANDO,7,SOUTHEAST
6414,"GASTONIA, NC",50,NORTH CAROLINA,7,SOUTHEAST
7191,WHOLESALE TRADING CENTER-RETAI,19,S. FLORIDA,7,SOUTHEAST
4871,"MERIDIAN, MS",1,NEW ORLEANS / GULF COAST,4,SOUTH CENTRAL
6386,"CONCORD, NH",20,UPSTATE NEW YORK,1,NORTHEAST
6636,"NEWINGTON, CT",20,UPSTATE NEW YORK,1,NORTHEAST
8219,"MATTHEWS, NC",50,NORTH CAROLINA,7,SOUTHEAST
4784,"LAS CRUCES,NM",47,W. TEXAS / NEW MEXICO,9,WESTERN
8106,"MONTGOMERY, AL",2,AL / GA,7,SOUTHEAST
6509,"ROME, GA",2,AL / GA,7,SOUTHEAST
4930,COOKEVILLE TN,28,TENNESSEE,7,SOUTHEAST
8182,"SAINT LOUIS, MO",3,ST. LOUIS,11,NORTH CENTRAL
6382,"LAS VEGAS(W),NV",41,NEVADA / N CALIFORNIA,9,WESTERN
8172,"FARGO, ND",94,BIG SKY / CO,9,WESTERN
6378,"RIVERSIDE, CA",54,LOS ANGELES / SAN DIEGO,9,WESTERN
6430,"CHEYENNE, WY",94,BIG SKY / CO,9,WESTERN
6320,"HERMANTOWN, MN",23,MINNESOTA,9,WESTERN
6402,"GREENSBORO, NC",50,NORTH CAROLINA,7,SOUTHEAST
4961,"ROSWELL, NM",47,W. TEXAS / NEW MEXICO,9,WESTERN
6251,"WASHINGTON, PA",24,PITTSBURGH / W. PA,1,NORTHEAST
6368,"CHESAPEAKE, VA",33,VIRGINIA,1,NORTHEAST
4985,"SPRINGFIELD (S), MO",21,KANSAS CITY,11,NORTH CENTRAL
4950,"HENDERSONVILLE, NC",50,NORTH CAROLINA,7,SOUTHEAST
4990,"DAPHNE, AL",1,NEW ORLEANS / GULF COAST,4,SOUTH CENTRAL
6435,"TUSCALOOSA, AL",2,AL / GA,7,SOUTHEAST
8197,"CHAMPAIGN, IL",34,CENTRAL IL / E. IA,11,NORTH CENTRAL
6666,"CANTON, MI",62,DETROIT,11,NORTH CENTRAL
4831,"DURHAM (S), NC",11,NORTH CAROLINA/SOUTH CAROLINA,7,SOUTHEAST
6637,"CORAL SPRINGS, FL",19,S. FLORIDA,7,SOUTHEAST
4750,"CUYAHOGA FALLS, OH",31,CLEVELAND,1,NORTHEAST
6429,"BATTLE CREEK, MI",45,MICHIGAN,11,NORTH CENTRAL
4972,"PORT ST LUCIE (W), FL",19,S. FLORIDA,7,SOUTHEAST
8290,"ORLANDO (S), FL",7,ORLANDO,7,SOUTHEAST
8184,"GURNEE, IL",32,WISCONSIN,11,NORTH CENTRAL
4778,"AUBURN HILLS,MI",62,DETROIT,11,NORTH CENTRAL
6657,"NOVI, MI",62,DETROIT,11,NORTH CENTRAL
6267,EDMOND OK,97,OK / N. TX,4,SOUTH CENTRAL
6527,"BATON ROUGE, LA",91,N. LA / TX,4,SOUTH CENTRAL
6460,"ALTOONA, PA",24,PITTSBURGH / W. PA,1,NORTHEAST
6249,"FRANKLIN, TN",28,TENNESSEE,7,SOUTHEAST
8284,"TYLER, TX",91,N. LA / TX,4,SOUTH CENTRAL
6685,"PROVO, UT",98,UT / MT / ID,9,WESTERN
6405,"YUBA CITY, CA",41,NEVADA / N CALIFORNIA,9,WESTERN
6365,"CHARLOTTESVILLE, VA",33,VIRGINIA,1,NORTHEAST
8285,"O'FALLON, IL",3,ST. LOUIS,11,NORTH CENTRAL
6321,"APPLETON, WI",32,WISCONSIN,11,NORTH CENTRAL
4830,"AVONDALE, AZ",37,AZ,9,WESTERN
6569,"BLUEFIELD, VA",33,VIRGINIA,1,NORTHEAST
8169,"LAFAYETTE, IN",38,INDIANA,11,NORTH CENTRAL
6347,"FARMINGTON, NM",47,W. TEXAS / NEW MEXICO,9,WESTERN
6371,"WOODBRIDGE, VA",85,MARYLAND,1,NORTHEAST
8267,"CORPUS CHRISTI, TX",8,SAN ANTONIO/BORDER,4,SOUTH CENTRAL
6472,"COUNCIL BLUFFS, IA",39,NE / IA,11,NORTH CENTRAL
6380,"DAYTON, OH",81,WEST VIRGINIA/OHIO,1,NORTHEAST
6332,"PHILADELPHIA, PA",64,NEW JERSEY/EAST PENNSYLVANIA,1,NORTHEAST
4926,COLUMBUS IN,38,INDIANA,11,NORTH CENTRAL
4755,"HONOLULU, HI",55,LOS ANGELES/HAWAII,9,WESTERN
4840,"JANESVILLE, WI",32,WISCONSIN,11,NORTH CENTRAL
4786,"LOGAN, UT",98,UT / MT / ID,9,WESTERN
6265,"IRVING (N), TX",27,DALLAS,4,SOUTH CENTRAL
8299,PLANO TX,27,DALLAS,4,SOUTH CENTRAL
6345,"IDAHO FALLS, ID",98,UT / MT / ID,9,WESTERN
4958,"SAN MARCOS, TX",8,SAN ANTONIO/BORDER,4,SOUTH CENTRAL
8272,"COLORADO SPRINGS, CO",56,CO,9,WESTERN
6259,"ROUND ROCK, TX",61,N. HOUSTON / AUSTIN,4,SOUTH CENTRAL
8120,"TALLAHASSEE, FL",16,N. FL / S. GA,7,SOUTHEAST
6617,"GARDENA, CA",55,LOS ANGELES/HAWAII,9,WESTERN
4853,CASTLE ROCK CO,56,CO,9,WESTERN
6436,"ONALASKA,WI",32,WISCONSIN,11,NORTH CENTRAL
6518,"BRISTOL,VA",28,TENNESSEE,7,SOUTHEAST
6254,"MAPLE GROVE, MN",23,MINNESOTA,9,WESTERN
6671,"FREEHOLD, NJ",15,NJ / PA / NY,1,NORTHEAST
8261,"KENNER, LA",1,NEW ORLEANS / GULF COAST,4,SOUTH CENTRAL
6461,"GRAND ISLAND,NE",39,NE / IA,11,NORTH CENTRAL
6203,"COLUMBIA, SC",22,SOUTH CAROLINA / GA,7,SOUTHEAST
6449,"PADUCAH, KY",3,ST. LOUIS,11,NORTH CENTRAL
8115,"AUGUSTA, GA",22,SOUTH CAROLINA / GA,7,SOUTHEAST
4815,"NORMAL, IL",34,CENTRAL IL / E. IA,11,NORTH CENTRAL
6307,"COLUMBUS(N),OH",81,WEST VIRGINIA/OHIO,1,NORTHEAST
6261,"LAS VEGAS(S),NV",41,NEVADA / N CALIFORNIA,9,WESTERN
8250,"MCALLEN, TX",8,SAN ANTONIO/BORDER,4,SOUTH CENTRAL
6581,"SCRANTON, PA",15,NJ / PA / NY,1,NORTHEAST
6341,"SUNRISE, FL",19,S. FLORIDA,7,SOUTHEAST
4707,"OVERLAND PARK, KS",21,KANSAS CITY,11,NORTH CENTRAL
8174,"MERRILLVILLE,IN",17,CHICAGO,11,NORTH CENTRAL
6502,"EL PASO, TX",47,W. TEXAS / NEW MEXICO,9,WESTERN
4819,"BAKERSFIELD (SW), CA",55,LOS ANGELES/HAWAII,9,WESTERN
6440,"LATHAM, NY",20,UPSTATE NEW YORK,1,NORTHEAST
4987,LONGMONT ALT CO,94,BIG SKY / CO,9,WESTERN
6630,"ARVADA, CO",56,CO,9,WESTERN
6330,"DOVER, DE",64,NEW JERSEY/EAST PENNSYLVANIA,1,NORTHEAST
6443,"GOLDSBORO, NC",11,NORTH CAROLINA/SOUTH CAROLINA,7,SOUTHEAST
8269,"GRAND PRAIRIE, TX",30,FT. WORTH,4,SOUTH CENTRAL
8193,"HAGERSTOWN, MD",85,MARYLAND,1,NORTHEAST
4804,"MCDONOUGH, GA",2,AL / GA,7,SOUTHEAST
6635,"LITTLETON, CO",56,CO,9,WESTERN
4817,"SAM'S BIRMINGHAM, AL",2,AL / GA,7,SOUTHEAST
8157,"W.PALM BEACH,FL",19,S. FLORIDA,7,SOUTHEAST
6388,MONTGOMERY IL,17,CHICAGO,11,NORTH CENTRAL
8280,"EL PASO, TX",47,W. TEXAS / NEW MEXICO,9,WESTERN
6244,"FORT WORTH, TX",30,FT. WORTH,4,SOUTH CENTRAL
8277,"WESTWORTH VILLAGE, TX",30,FT. WORTH,4,SOUTH CENTRAL
8278,"GREENVILLE, SC",22,SOUTH CAROLINA / GA,7,SOUTHEAST
6338,"COLLEGE STATION, TX",61,N. HOUSTON / AUSTIN,4,SOUTH CENTRAL
4905,"DENTON, TX",30,FT. WORTH,4,SOUTH CENTRAL
8176,"TOPEKA, KS",21,KANSAS CITY,11,NORTH CENTRAL
6507,"JACKSON, TN",90,MEMPHIS/AL,4,SOUTH CENTRAL
8294,"NASHVILLE(S),TN",28,TENNESSEE,7,SOUTHEAST
6573,JACKSONVILLE NC,11,NORTH CAROLINA/SOUTH CAROLINA,7,SOUTHEAST
6329,"TUPELO, MS",90,MEMPHIS/AL,4,SOUTH CENTRAL
6262,"SAN ANTONIO (NNW), TX",8,SAN ANTONIO/BORDER,4,SOUTH CENTRAL
6535,"WAUSAU, WI",32,WISCONSIN,11,NORTH CENTRAL
6419,"TRAVERSE CITY, MI",45,MICHIGAN,11,NORTH CENTRAL
8251,"SAINT CHARLES, MO",3,ST. LOUIS,11,NORTH CENTRAL
6364,"NAPLES, FL",19,S. FLORIDA,7,SOUTHEAST
8259,"AUSTIN, TX",61,N. HOUSTON / AUSTIN,4,SOUTH CENTRAL
8239,"LAWTON, OK",97,OK / N. TX,4,SOUTH CENTRAL
6235,"SAN DIEGO(E),CA",54,LOS ANGELES / SAN DIEGO,9,WESTERN
4738,"EAGAN, MN",23,MINNESOTA,9,WESTERN
4936,"MORGANTOWN, WV",24,PITTSBURGH / W. PA,1,NORTHEAST
4963,"CHILLICOTHE, OH",81,WEST VIRGINIA/OHIO,1,NORTHEAST
4761,"NORMAN, OK",97,OK / N. TX,4,SOUTH CENTRAL
8227,"SAN ANTONIO (NW), TX",8,SAN ANTONIO/BORDER,4,SOUTH CENTRAL
6317,"NORTH CANTON, OH",31,CLEVELAND,1,NORTHEAST
4769,"HOUSTON(WESTPARK), TX",52,S. HOUSTON,4,SOUTH CENTRAL
6568,"AMES, IA",39,NE / IA,11,NORTH CENTRAL
4740,"SOUTHAVEN, MS",90,MEMPHIS/AL,4,SOUTH CENTRAL
4998,"THE VILLAGES, FL",7,ORLANDO,7,SOUTHEAST
4920,"SAINT JOSEPH, MO",39,NE / IA,11,NORTH CENTRAL
6308,"COLUMBUS(W),OH",81,WEST VIRGINIA/OHIO,1,NORTHEAST
6549,"PUEBLO, CO",56,CO,9,WESTERN
6339,"CRYSTAL LAKE, IL",32,WISCONSIN,11,NORTH CENTRAL
8221,"HARVEY, LA",1,NEW ORLEANS / GULF COAST,4,SOUTH CENTRAL
6343,"RICHMOND(NW),VA",33,VIRGINIA,1,NORTHEAST
6201,"KINGSTON, NY",20,UPSTATE NEW YORK,1,NORTHEAST
6454,"SOUTHFIELD, MI",62,DETROIT,11,NORTH CENTRAL
6444,"EVANSTON, IL",17,CHICAGO,11,NORTH CENTRAL
6417,"HOLLAND, MI",45,MICHIGAN,11,NORTH CENTRAL
6257,"LAS VEGAS(C),NV",41,NEVADA / N CALIFORNIA,9,WESTERN
6474,"MAPLEWOOD, MO",3,ST. LOUIS,11,NORTH CENTRAL
8147,"LOVELAND, CO",94,BIG SKY / CO,9,WESTERN
6324,"MILWAUKEE(N),WI",32,WISCONSIN,11,NORTH CENTRAL
8112,"CHATTANOOGA, TN",28,TENNESSEE,7,SOUTHEAST
6556,"ST CLAIRSVILLE, OH",81,WEST VIRGINIA/OHIO,1,NORTHEAST
7676,AMARILLO TX,47,W. TEXAS / NEW MEXICO,9,WESTERN
8246,"STAFFORD, TX",52,S. HOUSTON,4,SOUTH CENTRAL
6275,WICHITA KS,21,KANSAS CITY,11,NORTH CENTRAL
8295,"TEXARKANA, TX",91,N. LA / TX,4,SOUTH CENTRAL
4917,MOORESVILLE NC,50,NORTH CAROLINA,7,SOUTHEAST
8202,"SAVANNAH, GA",22,SOUTH CAROLINA / GA,7,SOUTHEAST
4942,"ELGIN, IL",32,WISCONSIN,11,NORTH CENTRAL
6350,"SHERMAN, TX",27,DALLAS,4,SOUTH CENTRAL
6487,"ADDISON, IL",17,CHICAGO,11,NORTH CENTRAL
6453,"AUSTIN (NW), TX",61,N. HOUSTON / AUSTIN,4,SOUTH CENTRAL
8151,PANAMA CITY FL,16,N. FL / S. GA,7,SOUTHEAST
4901,EASLEY SC,22,SOUTH CAROLINA / GA,7,SOUTHEAST
4731,"OK CITY(NW),OK",97,OK / N. TX,4,SOUTH CENTRAL
4974,"NORTH LAS VEGAS (NE), NV",41,NEVADA / N CALIFORNIA,9,WESTERN
8166,"DULUTH, GA",93,ATLANTA,7,SOUTHEAST
6188,AUSTIN LAKELINE TX,61,N. HOUSTON / AUSTIN,4,SOUTH CENTRAL
8155,"GAINESVILLE, FL",16,N. FL / S. GA,7,SOUTHEAST
6448,"NEW PORT RICHEY, FL",96,TAMPA,7,SOUTHEAST
6620,"FOLSOM, CA",41,NEVADA / N CALIFORNIA,9,WESTERN
6514,"WATERLOO, IA",34,CENTRAL IL / E. IA,11,NORTH CENTRAL
6407,"MANSFIELD, OH",31,CLEVELAND,1,NORTHEAST
6510,"MANKATO, MN",23,MINNESOTA,9,WESTERN
4859,"BUTLER, PA",24,PITTSBURGH / W. PA,1,NORTHEAST
8126,"BROWNSVILLE, TX",8,SAN ANTONIO/BORDER,4,SOUTH CENTRAL
8271,"JACKSON, MS",1,NEW ORLEANS / GULF COAST,4,SOUTH CENTRAL
4944,"GRAND BLANC, MI",45,MICHIGAN,11,NORTH CENTRAL
4843,PEARLAND TX,52,S. HOUSTON,4,SOUTH CENTRAL
6304,"INDIANAPOLIS, IN",38,INDIANA,11,NORTH CENTRAL
6683,"MURRAY, UT",98,UT / MT / ID,9,WESTERN
4768,"RENO, NV",41,NEVADA / N CALIFORNIA,9,WESTERN
6325,"GREENWOOD, IN",38,INDIANA,11,NORTH CENTRAL
6501,"MURFREESBORO, TN",28,TENNESSEE,7,SOUTHEAST
8263,"TULSA, OK",6,OK / W. AR,4,SOUTH CENTRAL
8107,"HUNTSVILLE, AL",90,MEMPHIS/AL,4,SOUTH CENTRAL
6505,JEFFERSON CITY MO,3,ST. LOUIS,11,NORTH CENTRAL
6621,"ROSEVILLE, CA",41,NEVADA / N CALIFORNIA,9,WESTERN
4704,"FRESNO, CA",55,LOS ANGELES/HAWAII,9,WESTERN
6650,"BALTIMORE, MD",85,MARYLAND,1,NORTHEAST
6471,"VICTORIA, TX",8,SAN ANTONIO/BORDER,4,SOUTH CENTRAL
8189,"CLARKSBURG, WV",24,PITTSBURGH / W. PA,1,NORTHEAST
4861,"ST PETERSBURG, FL",96,TAMPA,7,SOUTHEAST
8226,"ABILENE, TX",30,FT. WORTH,4,SOUTH CENTRAL
6633,"FT COLLINS, CO",94,BIG SKY / CO,9,WESTERN
4947,"ZANESVILLE, OH",81,WEST VIRGINIA/OHIO,1,NORTHEAST
6427,"ROCHESTER, MN",23,MINNESOTA,9,WESTERN
8153,"EL PASO, TX",47,W. TEXAS / NEW MEXICO,9,WESTERN
4829,GILBERT (E) AZ,37,AZ,9,WESTERN
8254,"WICHITA, KS",21,KANSAS CITY,11,NORTH CENTRAL
8210,"FORT WORTH, TX",30,FT. WORTH,4,SOUTH CENTRAL
6361,"FT. WALTON BEACH, FL",16,N. FL / S. GA,7,SOUTHEAST
6377,"JONESBORO, AR",90,MEMPHIS/AL,4,SOUTH CENTRAL
6383,"SALISBURY, MD",64,NEW JERSEY/EAST PENNSYLVANIA,1,NORTHEAST
6381,"LEWISVILLE, TX",27,DALLAS,4,SOUTH CENTRAL
8161,"YORK, PA",64,NEW JERSEY/EAST PENNSYLVANIA,1,NORTHEAST
8168,"INDIANAPOLIS,IN",38,INDIANA,11,NORTH CENTRAL
4955,"SURPRISE (SW), AZ",37,AZ,9,WESTERN
4874,COVINGTON LA,1,NEW ORLEANS / GULF COAST,4,SOUTH CENTRAL
6655,"WALDORF, MD",85,MARYLAND,1,NORTHEAST
8186,"SCARBOROUGH, ME",20,UPSTATE NEW YORK,1,NORTHEAST
4109,BOSSIER CITY LA,91,N. LA / TX,4,SOUTH CENTRAL
4820,"POOLER, GA",22,SOUTH CAROLINA / GA,7,SOUTHEAST
6572,"KNOXVILLE, TN",28,TENNESSEE,7,SOUTHEAST
8130,"FORT MYERS, FL",19,S. FLORIDA,7,SOUTHEAST
8162,"CEDAR RAPIDS,IA",34,CENTRAL IL / E. IA,11,NORTH CENTRAL
4994,MECHANICSBURG PA,64,NEW JERSEY/EAST PENNSYLVANIA,1,NORTHEAST
4764,"KATY (FRY), TX",52,S. HOUSTON,4,SOUTH CENTRAL
6220,"SLIDELL, LA",1,NEW ORLEANS / GULF COAST,4,SOUTH CENTRAL
6313,"FT. WAYNE, IN",38,INDIANA,11,NORTH CENTRAL
6269,HARLINGEN TX,8,SAN ANTONIO/BORDER,4,SOUTH CENTRAL
6255,"PLANO(N),TX",27,DALLAS,4,SOUTH CENTRAL
6612,"CONCORD, CA",41,NEVADA / N CALIFORNIA,9,WESTERN
6670,"DEPTFORD, NJ",64,NEW JERSEY/EAST PENNSYLVANIA,1,NORTHEAST
6622,"SACRAMENTO, CA",41,NEVADA / N CALIFORNIA,9,WESTERN
4908,"OWENSBORO, KY",49,CINCINNATI/KENTUCKY,1,NORTHEAST
8132,"CINCINNATI, OH",49,CINCINNATI/KENTUCKY,1,NORTHEAST
6643,CLAIRMONT GA,93,ATLANTA,7,SOUTHEAST
6424,"KOKOMO, IN",38,INDIANA,11,NORTH CENTRAL
6610,"CHINO, CA",54,LOS ANGELES / SAN DIEGO,9,WESTERN
4780,"BUFORD, GA",93,ATLANTA,7,SOUTHEAST
6363,"JACKSONVILLE (W), FL",16,N. FL / S. GA,7,SOUTHEAST
8116,"JACKSONVILLE,FL",16,N. FL / S. GA,7,SOUTHEAST
6672,"ALBUQUERQUE, NM",47,W. TEXAS / NEW MEXICO,9,WESTERN
4946,"ROCKY MOUNT, NC",11,NORTH CAROLINA/SOUTH CAROLINA,7,SOUTHEAST
8273,"SHREVEPORT, LA",91,N. LA / TX,4,SOUTH CENTRAL
6482,"DALLAS (E), TX",27,DALLAS,4,SOUTH CENTRAL
4710,"CHESAPEAKE, VA",33,VIRGINIA,1,NORTHEAST
6236,ROCK HILL SC,50,NORTH CAROLINA,7,SOUTHEAST
4805,"BILLINGS, MT",98,UT / MT / ID,9,WESTERN
8291,"FLINT, MI",45,MICHIGAN,11,NORTH CENTRAL
6353,"MYRTLE BEACH, SC",11,NORTH CAROLINA/SOUTH CAROLINA,7,SOUTHEAST
4774,"SECAUCUS, NJ",15,NJ / PA / NY,1,NORTHEAST
6404,"FAIRLAWN, OH",31,CLEVELAND,1,NORTHEAST
4870,KANSAS CITY KS,21,KANSAS CITY,11,NORTH CENTRAL
8241,"MIDWEST CITY, OK",97,OK / N. TX,4,SOUTH CENTRAL
4824,"SANTA CLARITA, CA",55,LOS ANGELES/HAWAII,9,WESTERN
8238,"DAVENPORT, IA",34,CENTRAL IL / E. IA,11,NORTH CENTRAL
8134,"FT. SMITH, AR",6,OK / W. AR,4,SOUTH CENTRAL
6682,"LAYTON, UT",98,UT / MT / ID,9,WESTERN
